[
  {"Name": "Amita sharma", "address":"Delhi", "NoOfOrders":"10","Email":"ABC@123"},
  {"Name": "Anjani sharma", "address":"Jaipur", "NoOfOrders":"5","Email":"AVD@123"},
  {"Name": "Arpita bakshi", "address":"Goa", "NoOfOrders":"8","Email":"ABE@123"},
  {"Name": "Akansha gautam", "address":"Amritsar", "NoOfOrders":"9","Email":"ABF@123"},
  {"Name": "Aditi Agarwal", "address":"Panjaab", "NoOfOrders":"3","Email":"ABG@123"},
  {"Name": "Ayushi gupta", "address":"Bikaner", "NoOfOrders":"2","Email":"ABH@123"},
  {"Name": "Vaibhav Zambad", "address":"jodhpur", "NoOfOrders":"13","Email":"ABI@123"},
  {"Name": "Akansha gautam", "address":"Delhi", "NoOfOrders":"6","Email":"ABJ@123"},
  {"Name": "Rohit", "address":"Delhi", "NoOfOrders":"3","Email":"ABK@123"},
  {"Name": "Vivek", "address":"Jaipur", "NoOfOrders":"7","Email":"ABL@123"},
  {"Name": "Riya", "address":"Bikaner", "NoOfOrders":"8","Email":"ABM@123"},
  {"Name": "Supriya", "address":"Delhi", "NoOfOrders":"5","Email":"ABC@123"},
  {"Name": "amit kumar", "address":"Jaipur", "NoOfOrders":"21","Email":"AVD@123"},
  {"Name": "Abhishek", "address":"Goa", "NoOfOrders":"1","Email":"ABE@123"},
  {"Name": "Preetam", "address":"Amritsar", "NoOfOrders":"6","Email":"ABF@123"},
  {"Name": "Akansha gautam", "address":"Panjaab", "NoOfOrders":"3","Email":"ABG@123"},
  {"Name": "Pulkit", "address":"Bikaner", "NoOfOrders":"13","Email":"ABH@123"},
  {"Name": "Arpit", "address":"jodhpur", "NoOfOrders":"3","Email":"ABI@123"},
  {"Name": "Avinassh", "address":"Delhi", "NoOfOrders":"9","Email":"ABJ@123"},
  {"Name": "Nikhil", "address":"Delhi", "NoOfOrders":"10","Email":"ABK@123"},
  {"Name": "Nitin", "address":"Jaipur", "NoOfOrders":"6","Email":"ABL@123"},
  {"Name": "Neelam", "address":"Bikaner", "NoOfOrders":"2","Email":"ABM@123"},
  {"Name": "Simran", "address":"jodhpur", "NoOfOrders":"10","Email":"ABI@123"},
  {"Name": "Aman", "address":"Delhi", "NoOfOrders":"12","Email":"ABJ@123"},
  {"Name": "Yash", "address":"Delhi", "NoOfOrders":"4","Email":"ABK@123"},
  {"Name": "Arpita bakshi", "address":"Jaipur", "NoOfOrders":"4","Email":"ABL@123"},
  {"Name": "Prataap", "address":"Bikaner", "NoOfOrders":"5","Email":"ABM@123"}
]